,источник,дата,заголовок,текст
1,https://daily.afisha.ru/brain/22296-ot-psihbolnicy-do-krugosvetki-kak-nelli-blay-stala-legendoy-zhurnalistiki/,"
    
    27 января 2022  13:21",От психбольницы до кругосветки: как Нелли Блай стала легендой журналистики,"27 января 1922 года умерла Нелли Блай — самая известная журналистка своего времени, прославившаяся репортажами из психиатрической лечебницы, кругосветного путешествия и с Восточного фронта Первой мировой. Книжная обозревательница Мария Бурова рассказывает о судьбе Нелли Блай и о двух книгах, посвященных ей.Рожденная быть несогласной
Элизабет Джейн Кокран — именно такое имя Нелли Блай получила при рождении — достался удивительный жизненный сценарий: для женщины родом из девятнадцатого столетия он был одновременно и типичным, и выдающимся. 
Когда Элизабет было шесть лет, ее отец умер, не оставив завещания, так что наследство пришлось делить на пятнадцать отпрысков от двух браков. Мать снова вышла замуж за ветерана Гражданской войны Джона Форда, который оказался злым и жестоким пьяницей. Через пять лет она стала пятой по счету женщиной в округе, решившейся подать на развод. Как пишет Брук Крюгер, биографистка Нелли Блай, именно после развода матери пятнадцатилетняя девушка начала превыше всего ценить независимость, поняв, что ни один брак не мог гарантировать финансовой и эмоциональной безопасности. Элизабет решила освоить профессию учительницы, поступила в школу-интернат, но была вынуждена бросить учебу — деньги кончились в первом же семестре. Обедневшее семейство перебралось в Питтсбург — именно этому городу суждено было стать родиной Нелли Блай. 
Поводом к журналистскому дебюту Элизабет считаются сексистские высказывания Эразмуса Уилсона — постоянного автора газеты The Pittsburgh Dispatch. В 1885 году он опубликовал сразу несколько текстов, где выразил крайнее беспокойство в отношении барышень, которые были так озабочены поиском работы, что совсем позабыли о единственном предназначении порядочных молодых особ — заботе о домашнем очаге. Двадцатилетней Элизабет было что ответить на такие высказывания. 
С первых дней переезда в Питтсбург будущая журналистка тщетно пыталась найти достойно оплачиваемую работу. Ее родные братья получали приемлемые должности клерков и фармацевтов, а ей приходилось за копейки убираться в чужих домах и нянчить чужих детей, то есть делать ту работу, которая, по мнению других людей, была подходящей для ее пола. Эразмус Уилсон решением всех проблем видел замужество, но Элизабет уже убедилась, что это не самый надежный способ обрести счастье. Свои мысли на этот счет она выразила в тексте, который посвятила работающим женщинам «без таланта, красоты и денег». Свой текст она направила прямиком в газету, подписав его «Одинокая сиротка». Редактора The Pittsburgh Dispatch Джорджа Мэддена, случайно это письмо прочитавшего, приведенные в нем аргументы впечатлили. На страницах газеты он попросил Сиротку откликнуться и прийти в редакцию, что Элизабет и сделала.
Следующую публикацию уже по заказу газеты она посвятила разводам, предложив упростить их получение в случае, если супруг или супруга скрыли свои недостатки до брака (к мужским грехам она отнесла пьянство, к женским — неумение вести домашнее хозяйство). Вскоре Элизабет предложила редактору сделать серию материалов о фабричных девушках Питтсбурга, тот в ответ нанял ее постоянным автором с фиксированной зарплатой пять долларов в неделю (немногим выше, чем у тех самых фабричных девушек). Редактор и молодая девушка ударили по рукам — так появилась Нелли Блай, первая женщина в редакции The Pittsburgh Dispatch. 
Однако на новой должности ей тут же поручили рубрики о моде, садоводстве и искусстве. Блай мирилась с этим пару месяцев, а затем самовольно оставила это место, уехав иностранной корреспонденткой в Мексику и строча репортажи для The Pittsburgh Dispatch уже оттуда. Блай писала о бедности, репрессиях и коррупции, а также о корридах, сигарах и правилах воспитания детей. Блай верила, что эти тексты точно прославят ее больше, чем новости о модных шляпках. Журналистка не раз заявляла, что никогда не хотела быть очередной женщиной, чью историю жизни написал кто‑то другой, — она была в состоянии сама писать свою историю. Десять дней в сумасшедшем доме
Через полгода мексиканской командировки, опасаясь расправы от местного правительства за слишком резкую критику, Блай вернулась в Питсбург, где рассчитывала получить соразмерную ее заслугам работу. Однако Мэдден предложил ей заняться репортажами с театральных премьер. В отсутствие денег и других вариантов Блай сперва согласилась, но через пару месяцев вновь собрала вещи и купила билет до Нью-Йорка, где ей предстояло стать настоящей звездой. 
За свою карьеру Нелли Блай пережила все то, с чем сталкивались и продолжают сталкиваться женщины по всему миру: авторство ее статей не раз подвергалось сомнению, а внешность часто обсуждалась подробнее, чем журналистские заслуги. Это стандартный набор для первооткрывательниц в любой профессии. Но темы, которые Блай выбирала, не были типичными. Даже попасть в кабинет главного редактора The New York World Джона Кокрилла она смогла, только написав текст о гендерной предвзятости нью-йоркских редакторов. Кокриллу пришлось лично встретиться с ней, чтобы подтвердить готовность работать с женщинами. Выдать себя за другую, чтобы узнать правду, — постепенно это станет ее фирменным расследовательским методом. 
Мастерски разыграв сценку безумия, Блай отправилась прямиком в лечебницу, где десять дней наблюдала, как смотрительницы издеваются над пациентками. После ее освобождения репортаж Блай выходил в газете по частям. Первая же глава оказалась настолько успешной, что при публикации второй имя Блай было напечатано жирным шрифтом прямо под заголовком. Материал наконец сделал Нелли Блай знаменитостью. Статья превратилась в книгу, а каждое новое расследование — в сенсацию. 
Репортаж вокруг света
Другое знаменательное событие произошло с Блай уже по ее инициативе. Она задумала совершить кругосветное путешествие быстрее, чем это сделал герой романа «Вокруг света за 80 дней» Жюля Верна. Многое в ее плане было невероятным — не только сроки, но и уверенность в успехе: чтобы путешествовать без сопровождения, молодой женщине требовалась огромная смелость. Блай отбыла из порта Хобокена 14 ноября 1889 года, а вернулась в Нью-Йорк через 72 дня 6 часов и 10 минут, проехав через Англию, Францию, Италию, Египет, Йемен, Шри-Ланку, Малайзию, Сингапур, Китай и Японию. Газеты с ее репортажами продавались огромными тиражами. После этой поездки американки стали копировать прическу и крайне комфортный трэвел-наряд Блай. Кстати, в путешествие журналистка отправилась всего с одной сумкой, в которую уложила пару шляпок, вуаль, тапочки, полный набор туалетных принадлежностей, чернильницу, перья, карандаши и бумагу, булавки, иглы и нитки, халат, теннисную блузу, фляжку и чашку, несколько комплектов нижнего белья, носовые платки, а также баночку крема для лица.
После кругосветки, казалось, Блай уже ничем не могла удивить своих будущих биографов, но в 1895 году 31-летняя журналистка вышла замуж за 73-летнего промышленника-миллионера Роберта Симена и уехала из Нью-Йорка в Чикаго. Многие приняли новость за очередной репортерский ход: якобы сейчас Нелли Блай напишет текст о тяготах замужества и объявит брак фиктивным. Однако все случилось взаправду. Сама Блай никаких дневниковых записей о сделанном ею выборе не оставила. Возможно, она хотела сбежать из Нью-Йорка после разрыва с журналистом Life Джеймсом Стетсоном Меткалфом. А может быть, ее настигло профессиональное выгорание. Зная то, над какими тяжелыми темами работала Блай, брак с миллионером мог стать отличной возможностью сделать перерыв. После смерти Симена в 1904 году Блай возглавила его компанию по производству металлических изделий — фляг, газовых и бензиновых водонагревателей, клепаных котлов, кухонных раковин. Она расширила производство, научилась управлять каждой машиной на заводе и даже ввела несколько инноваций (на ее имя было зарегистрировано 25 патентов). Все это помогло увеличить прибыль в четыре раза. Однако успех не был долгим — в 1912 году Блай потеряла практически все свое состояние. Затяжные суды и банкротство снова привели ее в журналистику. 
В 1914 году, путешествуя по Европе, Нелли Блай во что бы то ни стало решила первой из женщин-корреспонденток попасть на фронт. По замечанию Брук Крюгер, ее репортажи о событиях Первой мировой войны больше всего напоминали оживленные разговоры с друзьями за кухонным столом. После войны она писала о торговле младенцами, выступала против смертной казни и азартных игр, защищала права приемных родителей и помогала сиротам. 27 января 1922 года Нелли Блай умерла от пневмонии. Американские газеты провожали ее эпитетами в превосходной степени: за текстами Нелли Блай навсегда сохранился статус классики мировой журналистики.Нелли Блай в России
На русском языке журналистские расследования Нелли Блай впервые опубликовали спустя почти столетие после ее смерти. В ноябре 2021 года в переводе Варвары Бабицкой в издательстве Individuum вышел сборник «Профессия: репортерка. „Десять дней в сумасшедшем доме“ и другие статьи основоположницы расследовательской журналистики». 
Открывается книга главным хитом — текстом «Десять дней в сумасшедшем доме». При подготовке к добровольному сумасшествию Блай действовала интуитивно — обратиться за советом было не к кому, до нее никто ничего подобного не делал: «Я решила сыграть роль бедной, горемычной сумасшедшей девушки и сочла, что мой долг — не уклоняться ни от каких неприятных последствий этого выбора». Блай гримасничала перед зеркалом, читала отрывки противоестественных и неправдоподобных историй о привидениях. 
Обмануть ей удалось не только обитательниц приюта для женщин из рабочего класса, но и полицейских, судью и две медицинские комиссии. Недолго думая, ее отправили на остров Блэквэлл, воспринимая исключительно как бесправную пациентку, еще одну среди сотни подобных. В первый же день перед псевдобольной предстала вся классика карательной медицины: физическое насилие, унизительные процедуры, плохое питание.После ошеломительного успеха «Десяти дней» Блай продолжила вводить людей в заблуждение ради общего блага. Для текста «Девушки, которые делают коробки» она устроилась на фабрику по производству картонных коробок. «Белые рабыни», как называла Блай тружениц этой фабрики, рассказали, как работают с клеем без перерыва в непроветриваемых помещениях, а получают за это не больше десяти долларов в неделю. В следующих репортажах Блай ищет мужа с помощью брачного агентства, разоблачает гипнотизера-обманщика (едва не убив при этом его пособника), а также подстраивает собственный арест и пытается купить младенца. 
Репортажи Блай — захватывающее приключение, успех которого держится на готовности авторки слушать своих героев. Да, она не сдерживается в эмоциональных оценках и часто сама играет главную роль, но при этом в любой момент готова отступить в сторону и дать право голоса тем, кто в нем нуждается. Если бы Нелли Блай пришлось искать работу в современной Москве, я уверена, первым делом она бы отправила резюме в редакцию «Таких дел». «Мы вернем в журналистику человека» — ей был бы понятен этот посыл.Еще одна книжная новинка на русском — комикс Лучаны Чимино с иллюстрациями Серджио Альгоццино «Нелли Блай — леди Сенсация». В 1921 году на пороге пожилой уже Нелли Блай появляется Мириам, студентка факультета журналистики Колумбийского университета. Она, как и Блай за сорок лет до того, недовольна предвзятым отношением к женщинам в журналистском сообществе. Блай (сперва с неохотой) соглашается подробнее рассказать о своем пути: смерть отца, первые публикации, переезд в Нью-Йорк, кругосветное путешествие.
Разговор с Мириам итальянская писательница Лучана Чимино выдумала, но в остальном книга от реальных фактов далеко не отходит, не забывая и о менее известных сюжетах интервью Блай с Белвой Энн Локвуд, первой женщиной-кандидаткой в президенты США. Блай была единственной, кто взял у нее интервью. Есть и секситский стишок, который был опубликован в английском журнале Punch в 1893 году после возвращения Блай из кругосветного путешествия: «Кто в юбке хочет покружить по свету — порадуйтесь достойному ответу: каких еще вам надобно затей? Сидите дома, нянчите детей!»Зная, как много в истории мировой журналистики Нелли Блай сделала в одиночку, на последних страницах комикса Чимино собирает вокруг нее собственную «Лигу справедливости». Рядом с Блай стоят корреспондентка «Новой газеты» Анна Политковская, американская журналистка Этель Лоис Пейн, мексиканская журналистка Лилия Качо Рибейро, издательница The Washington Post Кэтрин Грэм и другие женщины. Каждая в этом списке — супергероиня, которой бороться за справедливость помогала не генетическая мутация, а правда."
2,https://daily.afisha.ru/brain/22252-v-ozhidanii-rasstrela-kak-ustroen-novyy-roman-ot-avtora-cheloveka-iz-podolska/,"
    
    21 января 2022  18:51",В ожидании расстрела: как устроен новый роман от автора «Человека из Подольска»,"После нескольких суперуспешных пьес Дмитрий Данилов выпускает новый роман — «Саша, привет!». Андрей Мягков рассказывает об этой книге, а заодно дает ключ ко всему творчеству одного из главных авторов современной русскоязычной литературы.Молодой филолог Сергей Петрович, преподающий в университете бряцающую советскую литературу 20–30-х, добряцался и переспал с «очень красивой» — прямо так и написано — студенткой. Все было чинно, благородно, по горячему обоюдному согласию, да и студентке уж 20 лет — вот только в недалеком российском будущем заниматься сексом с гражданами, не достигшими 21 года, строго возбраняется. Ходатайство девушки не поможет: автоматизированная судебная система приговаривает Сергея Петровича к смертной казни, которую вернули в рамках режима Общей Гуманизации. Теперь о Бабеле и Пильняке Сергей вещает студентам по Zoom из довольно комфортабельной камеры, похожей на ту, в которой отбывает Андерс Брейвик.  Оружие ласково кличут Сашей, и лишь Саша знает, кого он изрешетит сегодня; таким образом, теоретически можно прожить в заключении хоть всю жизнь, покойно скончавшись во сне.
Смотрите, там, в небе! Это роман? Пьеса? Может, киносценарий? Да, да и еще раз да: новая книга Дмитрия Данилова — все это одновременно. Лет шесть пробавлявшийся стихами (успешно) и драматургией (сверхуспешно — «Золотая маска» и т. д.), Данилов насладился экранизацией своей громокипящей пьесы «Человек из Подольска» — и теперь притащил новый для себя опыт обратно в прозу.
Здесь важно выдать подобающее литературоведческое снаряжение, чтобы экскурсия по новому тексту Данилова не закончилась подвернутой лодыжкой: дело в том, что плюс-минус вся его проза — а до 2015-го Дмитрий занимался практически одной только прозой, регулярно попадая в шорт-листы «Большой книги» и других фасонистых премий — это книги опыта.
«Наша жизнь состоит процентов на 99 из небытия, из автоматического существования, которое даже и не помнится потом», — заявлял писатель и тщательно вылущивал этот опыт, всем нам знакомый, в свою алхимическую колбу, чтобы под шумок синтезировать из него один процент «Бытия», подлинной жизни, которую мы по инерции тоже нередко проживаем на автомате. Это, пожалуй, и было «великим деланием» прозаика-алхимика Данилова: отбирая у человека субъектность, лишая предметы и действия эмоциональной одежки и сосредоточенно протоколируя, как они, голенькие, погребают нас под своей грудой, Данилов чудесным образом подсвечивал во всем этом смысл. Как бы гуманизировал хаос жизни. Немного смещал акценты, обнажая повторяющуюся абсурдность нашего бытования, и тихо, не повышая голоса, подсказывал, как и что здесь можно прожить по-настоящему.А его личный опыт — порой сознательно проживаемый на манер перфоманса — почти всегда являлся этакой формочкой для льда, придававшей тексту, пардон, форму. Автобиографичность нередко гордо заявлялась как концепт: например, в «Описании города» Данилов (в любом другом случае нужно было бы писать «лирический герой», но у Данилова, пожалуй, именно что Данилов) наездами пытался полюбить неназванный провинциальный городок, а в «Есть вещи поважнее футбола» — целый сезон деятельно, с посещением стадиона, следил за футбольными матчами двух команд.
Объяснял я все это ровно затем, чтобы непринужденно так, довольно притопывая ногой, заявить: в общем-то, вы уже знаете, что представляет из себя новый текст Данилова. 
В центре — все тот же универсальный опыт, слегка переодетый. А форма — не то роман, не то пьеса, не то набросок киносценария — вышла такой, думается, исключительно потому, что личный опыт Данилова составляли в последнее время преимущественно театр и кино. «Все это — занятие письмом, общий поток», — говорил автор в одном интервью, отвечая на вопрос, что для него «главнее» — проза, поэзия или драматургия. Но Дмитрий явно не мыслит такими категориями, а просто трансформирует свое мироощущение в художественные тексты так, как ему в данный момент сподручнее. И потому внежанровый Франкенштейн «Саша, привет!» оживает на глазах. Издатель, впрочем, называет его романом — пусть так и будет.
Из драматургии в новый роман Данилова пришли длиннющие диалоги, которые он раньше из принципа не пускал в прозу; есть даже полноценные ремарки — в скобочках и курсивом. Оттуда же, из пьес Данилова, и сама коллизия, когда герой в силу каких‑то абсурдных обстоятельств оказывается заперт в ограниченном пространстве, а текст превращается в танец-размышление вокруг этой ситуации. От кино — заигрывания в духе «Это будет чем‑то вроде кино. На человека наставлена камера, и мы за ним наблюдаем» или «не стоит подробно воспроизводить эту сцену, пусть каждый станет сам для себя режиссером»; плюс сценарное дробление текста на эпизоды — вплоть до коротеньких, чисто визуальных «кадров»: «[Света] лежит на спине, глядя в потолок». Проблема нового романа лишь в том, что чуть ли не впервые у Дмитрия все это богатство регистров так и не превращается в прием. И театр, и кино, пробравшиеся в его прозу, кажутся какими‑то обаятельными безбилетниками. Иногда, конечно, они заставляют переливаться «великое делание» Данилова новыми бензиновыми оттенками, но чаще лишь отъедают от его прозы ощущение, которое она исподволь внушала раньше: что у каждого действия и предмета есть метафизическая изнанка.
Жаль немного этого ощущения. Зато «Саша, привет!» — однозначно самый дружелюбный к читателю текст Данилова, хотя и все еще достаточно артхаусный: плюс-минус бессюжетный, в меру фриковатый, полный смешливого удовольствия от самого строения фразы — словом, ощутимо даниловский. Так что у тех, у кого от экспериментальной прозы Данилова кружилась голова, теперь есть все шансы приобщиться.
Тем более что глядеться в его тексты все так же интересно. Оголенные действия и предметы вкупе с призрачной авторской позицией, совершенно ни на чем не настаивающей, превращают тексты Данилова в своего рода зеркало — каждый вчитывает в них то, что хочет. В «Саша, привет!», впрочем, объективно ощущается вайб российской антиутопии, в которой мы то ли уже оказались, то ли вот-вот окажемся: тут Данилов пугающе точно предвосхитил начавшиеся в этом году крамольные разговоры о, тьфу-тьфу-тьфу, возврате смертной казни. А еще ощущается желание поговорить о том, что отличает живое от мертвого. «Ты для меня умер уже. Тебя нет, и тебя сложно теперь любить. <…> Ты вроде живешь, а вроде уже и не живешь», — говорит Сергею жена, которой он звонит посреди романа. Отличает, видимо, просто отношение к этому агрегатному состоянию жизни/смерти, угол зрения — примерно то же, что отличает камеру от гостиничного номера. А еще здесь, по Данилову, явно как‑то замешаны категории ясности/неопределенности… Впрочем, чего это я — вчитывайтесь сами."
3,https://daily.afisha.ru/brain/22232-zhenschina-ne-muzhchina-i-tleyuschiy-ogon-dva-otlichnyh-novyh-romana/,"
    
    18 января 2022  17:29",«Женщина — не мужчина» и «Тлеющий огонь»: два отличных новых романа,"Писательница Вера Богданова советует два свежих переводных романа: новый триллер от автора «Девушки в поезде» и вдохновляющую историю о женской свободе.«Женщина — не мужчина» Итаф Рам
Перевод Дарьи АндреевойЖенщина в Палестине не равна мужчине: суть дебютного романа американской писательницы палестинского происхождения Итаф Рам отражена уже в названии. Женщина не равна даже ребенку — разумеется, если мы говорим о сыне. Дочери особо никому не нужны, они — балва, проблема, обуза. Если ты посмела ослушаться родителей, пристально смотреть на мужчину, влюбиться — ты шармута, женщина легкого поведения.
Палестинка Исра с малых лет усвоила, что послушание — единственный способ завоевать любовь. Ее выдают замуж за «американца» Адама — палестинца, переехавшего в США, когда ему было шестнадцать. В Нью-Йорк Исра привозит с собой то, что понадобится ей чаще всего, — безграничное терпение. Именно терпение и молчание поддерживают непрекращающееся насилие над героинями романа. Причем молчание как самих жертв, так и других женщин в семье: когда муж поднимает руку на жену, они не только не пытаются вызвать полицию, но зачастую помогают ему, напоминая жертве о том, что рабское положение — это уготованная ей судьба. А главной задачей женщины является рождение сына — но Исра рожает четырех дочерей, к глубокому неудовольствию мужа и свекрови.Дейя разрывается между верностью семье и собственными желаниями, представлениями о жизни. Будучи по сути американкой, она в свои восемнадцать меньше всего хочет рожать одного ребенка за другим и сидеть в четырех стенах, занимаясь хозяйством. Дейя собирается поступать в колледж, но ее бабушка и дедушка против и уже подыскивают ей женихов. Еще Дейю очень волнует вопрос: при каких обстоятельствах умерли ее родители Исра и Адам? Об этом все вокруг тоже молчат, и за их молчанием скрывается жуткая правда.
В 1986 году голландский демограф Дирк ван де Каа впервые заговорил о концепции второго демографического перехода — долговременной тенденции к снижению рождаемости после эпохи «беби-бума» 1940–50-х годов. С изменением института брака, увеличением степени свободы и распространением индивидуалистических ценностей карьера и развитие становятся все важнее для молодых людей, а главная модель семьи теперь — это «зрелая» пара с одним ребенком.Девочкам в палестинской семье, изображенной в романе, всячески ограничивают доступ к образованию и общению со сверстниками. Им пытаются запретить даже чтение книг. На первый взгляд может показаться, что Итаф Рам записывает всех молодых палестинских женщин в жертвы, а мужчин и старшее поколение выставляет агрессорами, не способными отойти от привычного образа мыслей. Но, как замечает писательница в своем интервью, ее роман в первую очередь о женской силе, а не о бессилии. Он о том, что женщины в состоянии изменить текущее положение дел. «Образование — это сила. Не в денежном плане вроде „у меня есть образование, значит, я могу найти работу“. Она интеллектуальная, эмоциональная. <…> Когда женщины получают образование, они обретают силу».
Итаф Рам сама выросла в традиционной палестинской семье, училась в исламской школе, вышла замуж очень рано и в 19 лет уже родила первенца. Университет ей пришлось оканчивать без отрыва от присмотра за двумя детьми. «Всякий раз, когда я думала сойти с назначенного мне пути брака и материнства или хотела чего‑либо, что позволялось только мужчинам в нашей культуре — например, свободы, — мне часто отвечали, что я не могу так делать, — говорит она. — Когда я спрашивала почему, причина всегда была одной: „Потому что женщина — это не мужчина“». Так что ее роман — это не только вдохновляющая история об обретении внутренней свободы и сокровенных мечтах, следовать за которыми можно всегда, вне зависимости от национальности и пола. Это честный взгляд изнутри, книга, написанная с полным пониманием всей неоднозначности темы столкновения культур и положения женщин в арабских общинах в США.«Тлеющий огонь» Полы Хокинс
Перевод Виктора АнтоноваГероини книг Полы Хокинс — личности крайне неоднозначные и травмированные. Рейчел в «Девушке в поезде» страдает от алкоголизма, который, как выясняется позже, был спровоцирован психологическим насилием; Джулс из романа «В тихом омуте» слегка не в себе, и ее преследуют семейные тайны. Персонажи «Тлеющего огня» не уступают Джулс и Рейчел: все как на подбор странные, подозрительные и ненадежные рассказчицы — из семейного шкафа каждой в любой момент может выпасть очередной скелет.
Книга начинается с того, что молодого и богатого Дэниела Сазерленда жестоко убивают на его же лодке. Самой очевидной подозреваемой кажется Лора — социопатка и воровка, переспавшая с Дэниелом незадолго до его смерти и вернувшаяся домой в крови. У нее проблемы с памятью, она подвержена вспышкам ярости и уже привлекалась за пьянство в общественном месте, вторжение в частные владения, вандализм, хулиганство, нападение с нанесением телесных повреждений. Ну кто поверит в ее невиновность?
Но еще есть сдержанная тетя Дэниела, Карла, с которой у него были странные отношения. Ее сестра — мать Дэниела — умерла за несколько недель до гибели сына. Вроде бы случайность, но кто знает? И есть Мириам — одинокая женщина, живущая в соседнем плавучем доме. Именно Мириам первой заметила открытую дверь на лодке Дэниела, обнаружила тело, сунула в карман найденный на полу ключ и не сказала о нем полиции. У нее тоже имеется мотив для мести. Более того, ближе к концу романа возникают новые подробности другого, старого преступления, которое на протяжении многих лет считалось закрытым.
Британская писательница Пола Хокинс прославилась в 2015 году после выхода триллера «Девушка в поезде» и последовавшей одноименной экранизации с Эмили Блант в главной роли. Второй роман, «В тихом омуте», тоже стал бестселлером, но был принят прохладнее. «Тлеющий огонь» понравился далеко не всем, его критиковали за неторопливое развитие событий, по всей видимости, ожидая вторую «Девушку в поезде». Литературный обозреватель Морин Корриган написала в The Washington Post, что «каждый персонаж в романе Хокинс гадок, корыстен, самовлюблен и, что еще хуже, скучен. Скучен, скучен, скучен. Скучен даже серийный убийца».Может быть, финал романа немного предсказуем, по крайней мере, я, давний фанат детективов, вычислила убийцу довольно быстро, но с критикой героев я согласиться не могу. Именно талант Хокинс создавать порочных, глубоко трагических персонажей и отличает ее от большинства авторов триллеров и детективов. Самой интересной мне представляется Лора, личная история которой захватывает не меньше, чем расследование. Что будет с ней дальше, научится ли контролировать себя? В чем причина ее импульсивного разрушительного поведения? Хокинс раскрывает тайны не спеша, утаскивая читателя на темную эмоциональную глубину. И даже когда убийцу находят и наказывают, особой радости не испытываешь — все не так однозначно. «Тлеющий огонь» — это в первую очередь роман о людях и их судьбах, а уже во вторую — о мести и том, кто же все-таки убил Дэниела Сазерленда."
4,https://daily.afisha.ru/brain/22090-chto-chitala-redakciya-afishi-daily-v-2021-godu/,"
    
    5 января 2022  16:36",Что читала редакция «Афиши Daily» в 2021 году,"Редакторы «Афиши Daily» рассказывают, какие хорошие книги они читали в ушедшем году.«Полуночники» Брехта ЭвенсаНа самом деле это книга, про которую совершенно неуместно говорить «читал» — правильнее будет сказать «смотрел». Эвенс рисует одну ночь кутежа из жизни нескольких ярких тусовщиков в виде цветастых разворотов, в которые хочется залипнуть именно глазами, не разумом. Диалоги здесь играют даже меньшую роль, чем в кино. С другой стороны, и сам текст в этом графическом романе написан с завидной драматической выверенностью и психологической достоверностью. В общем, это мой комикс года.
«Стон сливной трубы» Дзюндзи ИтоОтличное издательство «Фабрика комиксов» продолжает проект по изданию собрания сочинений хоррор-мангаки Дзюндзи Ито. Читая рассказы Ито в англоязычных сборниках лучшего, я считал его гением хоррора, невероятно остроумным автором, не терпящим неудач. Теперь, читая все подряд рассказы из очередного 400-страничного тома от «Фабрики комиксов», я замечаю и самоповторы, и провисания, и откровенный мусор: немудрено, ведь Ито на протяжении многих лет писал эти рассказы для ежемесячного журнала, и теперь они изданы на русском все без исключения. Внезапно восьмой сборник «Стон сливной трубы» снова убедил меня в том, что Ито — гений. Это шесть больших историй (и пара бонусов), которые пугают и чернейшим образом смешат с неправдоподобным изяществом и интенсивностью. Наверное, в любом собрании сочинений есть один такой идеальный том — и вот он.«Съест ли меня моя кошка» Кейтлин ДаутиЕсть три праздника: день рождения, Новый год и выход новой книги Кейтлин Даути, самой обаятельной женщины в похоронной индустрии. Эта книжка адресована в первую очередь детям и отвечает на нормальные детские вопросы, которые благонамеренного взрослого могут шокировать: что будет, если перед смертью и кремацией проглотить пачку зерен для попкорна? почему после смерти мы меняем цвет? можно ли устроить бабушке погребение викингов? На каждый вопрос Даути находит ответ — одновременно уморительный, но притом корректный и фактически точный (книга завершается списком использованной литературы на двадцать страниц). А еще в этой книге можно найти лучшую мотивационную цитату года: «Забудьте о том, как вы выглядите снаружи, важно лишь то, что у вас внутри (ваш скелет)».«Ответы и другие вопросы» Элли БрошЕсли бы Элли Брош была экстравертнее, она была бы самой популярной стендаперкой в мире. Но вместо выступлений с монологами Брош записывает их и иллюстрирует: получаются невероятно смешные книги, которые отвлекают твое внимание тоннами текстовых и визуальных гэгов, а потом бьют под дых. Ведь на самом деле это истории не столько про смешных собак и забавную героиню-недотепу, сколько про неуверенность в себе, депрессию, переживание потери — и отчаянную попытку подружиться с самой собой. Ко второй книге это относится даже в большей степени, чем к первой, «Гиперболе с половиной»: «Ответы и другие вопросы» — самая уморительная книга из тех, над которыми я плакал.«Искатель» Таны ФренчТана Френч — лучший детективный писатель нашего времени по скромному мнению человека, который читает главных представителей жанра от Ю Несбе до Роберта Гэлбрейта (aka Джоан Роулинг). Ее новый роман «Искатель» — не столько канонический детектив, сколько исследование деревенского уклада на примере ирландской глубинки. С параллельной детективной линией, конечно: главный герой, бывший следователь, бежал от своей работы аж из Америки, но она все равно его настигла даже в глуши Западной Ирландии. Отдельно хочется отметить потрясающий перевод Шаши Мартыновой.
«Воздух, которым ты дышишь» Франсиш ди Понтиш ПиблзСтрастный роман — но не о партнерской любви, а о дружбе, которая по накалу эмоций может потягаться с любовными переживаниями. Чем‑то напоминает «Мою гениальную подругу» Элены Ферранте: так же дружба двух девочек/девушек/женщин, так же много ссор до слез и примирений — тоже до слез, много ревности, страха, зависти и все-таки любви, которая сильнее всего этого. Но которая все равно не защитит от ошибок. Действие происходит в Бразилии и охватывает несколько десятков лет от 1930-х до наших дней, так что будет интересно почитать, чем жило и живет местное население. Также через весь роман красной нитью проходит тема музыки, что понравится всем неравнодушным.«Человек-комбини» Саяки МуратыУспокаивающее олицетворение вопроса, который кружит в воздухе последние несколько лет: для кого мы делаем то, что делаем со своей жизнью? Во мне, человеке, который тоже находит умиротворение в упорядоченности на полках супермаркетов и предсказуемости вендинговых автоматов, книга отозвалась еще и приятными описаниями японских магазинов. 
«Сегодня последний день остатка твоей жизни» Улли ЛустАвтобиографический комикс Улли Луст, в котором девушка рассказывает о своем путешествии автостопом из Вены в Италию в середине восьмидесятых. Вряд ли я удивлю читателя, если скажу, что с героиней и ее подругой произойдет почти все самое страшное, что только можно представить. Иногда события, которые по своей сути должны быть шокирующими, умещаются в один квадрат на странице, а после Улли продолжает буднично рассказывать о других моментах путешествия. Неприятно признавать, что спустя сорок лет все тяжелые эпизоды книги все еще воспринимаются нами чем‑то противоестественным, но, увы, ожидаемым. "
5,https://daily.afisha.ru/brain/21955-7-luchshih-knig-2021-goda-vybor-egora-mihaylova/,"
    
    2 января 2022  10:00",7 лучших книг 2021 года: выбор Егора Михайлова,"Егор Михайлов выбирает 7 книг, вышедших в России в прошедшем году, которые произвели на него наибольшее впечатление.«Однажды в Голливуде» Квентина ТарантиноАктер Рик Далтон, так и не сумевший стать кинозвездой первого ряда, пытается понять, зачем он вообще пошел в эту профессию. Его напарник-каскадер Клифф Бут любит европейский кинематограф (особенно Жан-Поля Бельмондо) и убивать людей. Еще однажды эта парочка спасает от неминуемой гибели молодую актрису Шерон Тейт, расправившись с членами банды Чарльза Мэнсона, но эта история совсем о другом.
Литературный дебют Квентина Тарантино в принципе мог быть каким угодно. За тридцать лет он, в конце концов, и так наснимал себе достаточно, чтобы занять место в пантеоне великих, — окажись Тарантино посредственным писателем, мы бы уж как‑нибудь это пережили. Тем поразительнее эффект. На первый взгляд «Однажды в Голливуде» — это, разумеется, сборная солянка: альтернативные версии сцен фильма, флешбэки, флешфорварды, лекции об искусстве кино, ироничные поклоны друзьям и коллегам, попытка влезть в голову одного из самых мерзких Мэнсонов в истории и даже трогательная дань уважения приемному отцу автора. Но если вглядеться, то обнаруживается, что в этом хаосе есть метод: то, что кажется коробкой с обрезками, оказывается тонко и со знанием дела выстроенным романом. А напряженный и вместе с тем трогательный финал напоминает — Тарантино в первую очередь рассказывает истории не про фонтаны крови и не про попытки упихнуть в минуту рекордное количество слов fuck, а про искреннюю любовь к искусству.«Рана» Оксаны ВасякинойУ поэтессы Оксаны умирает от рака мать. Урну с прахом она на протяжении двух месяцев везет из города Волжский в родной Усть-Илимск, чтобы похоронить. В сущности это вся фабула, которая то и дело сбивается на воспоминания о детстве, о жене, об осознании собственной сексуальной идентичности, обрастает стихами и эссе, а затем и размышлениями о том, как сам текст романа будто бы помимо желания авторки превращается во что‑то гораздо большее.
Если прежде еще могли оставаться какие‑то сомнения, то первый роман Оксаны Васякиной окончательно знаменует: важнейшим жанром в новой русскоязычной литературе оказался автофикшен — жанр на пересечении автобиографии и художественной литературы. Добрая половина самых обсуждаемых книг последнего десятилетия относится именно к нему: и сборник рассказов Натальи Мещаниновой, и романс Марии Степановой, вошедший в шорт-лист международного Букера, и вот теперь «Рана» — самый настоящий роман года. Парадоксальный секрет его, кажется, в том, что книга, начинающаяся довольно прямолинейно, быстро начинает расходиться во все стороны десятками тропок, но ни одна из них не оказывается тупиком. Вот и героине «Раны», для того чтобы осознать себя целой, приходится сперва разобрать себя и весь мир на составные части. И еще раз показать, что жизнь, по большому счету, состоит из того, чем начинается и заканчивается роман: из смерти и любви.«Дворец сновидений» Исмаиля КадарэВ альтернативной, но узнаваемой Османской империи ключевым государственным органом становится Табир-Сарай — таинственное учреждение, работники которого анализируют сны подданных, а самые важные из снов самым непредсказуемым образом влияют на внешнюю и внутреннюю политику. Юный Марк-Алем делает стремительную карьеру в стенах дворца сновидений и, конечно, вскоре узнает, что на самом деле происходит с теми, кому довелось увидеть неудачный сон.
Часто бывает, что книги, изданные в России с большим опозданием, оказываются необычайно своевременными. Так было с «Людьми среди деревьев» (роман Янагихары предвосхитил #metoo, а его перевод вышел в самый разгар отмены Кевина Спейси), так вышло и с сорокалетней выдержки романом живого классика Исмаиля Кадарэ. В 1981 году это была история о спецслужбах тоталитарной Албании, сегодня же сбор и толкование тысяч снов становится поразительно точной метафорой для анализа big data. Но и с чисто стилистической точки зрения это исключительный роман. Первое впечатление — гремучая смесь Оруэлла с Павичем, но можно углядеть во «Дворце» и неосознанную связь с Кафкой или ранним Пелевиным: пожалуй, мало где еще можно найти настолько точно выписанную атмосферу тотальной паранойи.«Девочки и институции» Дарьи СеренкоВ России есть много библиотек, музеев и других культурно-бюрократических институций. В них работает много девочек, есть и мальчики, но они обычно материализуются только на Восьмое марта. Девочки образуют с институциями странноватый симбиоз (даже менструальный цикл синхронизируется с графиком выплаты авансов) и искренне верят, что могут хоть немного изменить систему своим внутренним сиянием. Похоже, девочки ошибаются. Иногда девочки сдаются и пытаются покинуть институцию, но институция всегда догоняет.
Оксана Васякина однажды сравнила женщин с незаметным клеем, соединяющим разные кусочки нашего мира воедино: без них все вряд ли будет функционировать, но всем хочется, чтобы в идеале невидимые женщины и их труд оставались невидимыми. Героини книги Серенко — самые незаметные из всех — сотрудницы библиотек, галерей и музеев, всех этих ГБУКов, о самом существовании которых люди обычно не помнят. Тем не менее и в этом микрокосме отражается космос путинской России 2021 года. Отражается одновременно и причудливо, и безупречно: так уж устроен магический пессимизм — главный стиль новой русскоязычной литературы. Но все это, конечно, не только метафора, но и попытка дать голос тем, о ком мы не знаем и не думаем. Эта тоненькая книжка рассказывает и показывает, из чего же, из чего же, из чего же сделаны наши девчонки (и институции).«Клара и солнце» Кадзуо ИсигуроВ прекрасной Британии будущего некоторые родители «форсируют» своих детей — модифицируют их геном, чтобы те были умнее и соответственно получили больше возможностей в жизни. У форсирования есть подводные камни. Во-первых, у форсированных детей есть проблемы с социализацией, и для них нужно покупать ИП (искусственную подругу), эдакую электронную конфидентку. А во-вторых, неудачное форсирование может постепенно убивать ребенка.
Удивительный парадокс: кажется, большинство великих гуманистических романов показывают нам мир с точки зрения нечеловека. Исигуро прекрасно это знает, и в его новом романе — первом после получения Нобелевской премии — рассказчицей становится та самая искусственная подруга Клара (имя, конечно, неслучайное: соседку Клары по торговому залу зовут Розой). Поняв, что ее подруга-хозяйка умирает, Клара решает во что бы то ни стало помочь ей — хотя бы и ценой собственного благополучия. Люди в подобных ситуациях часто обращаются к религии, и Клара, работающая на солнечных батареях, тоже ищет решение в односторонних беседах-молитвах с Солнцем. Вот вам еще один парадокс: один из лучших и самых точных романов об отношениях человека с Богом — это простая, почти детская сказка о девочке и ее робоподруге.«Не надо стесняться»В восьмидесятые годы не было в нашей стране музыки важнее рока. «Наутилус», «Кино» и «Гражданская оборона» по-разному находили способы выразить то, что официальная музыка выражать была не способна. Когда Советский Союз приказал долго жить, расклад поменялся. В моменте это было сложно понять, но из 2021 года кажется очевидным: эпоха рока сменилась эпохой попсы — даром, что ли, «Мумий Тролль», важнейшая группа девяностых, именовала свой стиль рокапопсом.
В неподъемном томе «Не надо стесняться» Александр Горбачев с коллегами рассказывает тридцатилетнюю историю постсоветской поп-музыки, которая, разумеется, неизбежно оказывается историей России, в этой музыке отражающейся. Вот он, наш настоящий культурный код: когда смотришь на поп-музыку, вдруг кажется, что нет никакой России айфона и России шансона, все сплетено в один клубок. Особенно интересно рассматривать эту историю подряд, год за годом. Обнаруживается, что одновременно появились «Третье сентября» и «Парень чернокожий», «Я куплю тебе дом» и «Посмотри в глаза», «Владимирский централ» и «Голубая луна». Тысячу страниц спустя закрываешь том с отчетливым пониманием простого факта: единственная по-настоящему единая Россия — та Россия, которая на корпоративе хором поет «Знаешь ли ты».«Голландский дом» Энн ПэтчеттГолландский дом — это вычурный трехэтажный особняк в Пенсильвании, когда‑то купленный успешным риелтером для своей молодой жены. Та чувствует себя в этой роскоши неуютно и сбегает на край света, отец женится на другой женщине, а потом умирает, и мачеха выставляет приемных детей, Дэнни и Мэйв, за порог. Брат с сестрой не пропадут, они оба находят свой путь в жизни и держатся друг за друга. Но год за годом они садятся в автомобиль и приезжают к дому, из которого их так бесцеремонно выгнали, не в силах отпустить прошлое.
Роман Пэтчетт — из тех, что находятся будто бы вне времени. С одной стороны, это детальный и точный портрет послевоенной Америки (наверное, потому его настроение так напоминает Фицджеральда, тоже писавшего о мире после мировой войны), с другой — не зря каждый третий рецензент примечает сходство сюжета с историей Гензеля и Гретель. Впрочем, за старомодным неспешным повествованием скрывается мастерский и очень современный роман, в котором исподволь показывается, как мужской взгляд на сюжет неизбежно искажает его. Рассказчик то и дело сталкивается с тем, что его воспоминания о событиях отличаются от сестринских. А позже Пэтчетт спрашивает читателя: а почему, собственно, мы так по-разному относимся к отцам и матерям, оставившим своих детей?"
6,https://daily.afisha.ru/brain/21978-akuly-vo-dni-spasateley-i-my-nachinaem-v-konce-esche-dve-knigi-kotorye-stoit-prochitat/,"
    
    27 декабря 2021  12:16","«Акулы во дни спасателей» и «Мы начинаем в конце»: еще две книги, которые стоит прочитать","Писательница Вера Богданова советует два переводных романа: гавайскую драму о древних богах и возвращении домой и триллер о социальном сиротстве и грехах тридцатилетней давности.«Акулы во дни спасателей» Каваи Уошберна
С чем ассоциируются Гавайи? Пляжный отдых, медовые месяцы, коктейли, танцовщицы хулу. К счастью, в своем дебютном романе Каваи Уошберн избегает большинства из этих стереотипов. Его Гавайи — это первозданная природа, древние верования, оживающие в современном мире, и чудеса, которые вот так просто происходят рядом с нами. А также это реальная жизнь, в которой местные жители лишаются работы и не могут отыскать новую, голодают и копят деньги на билет, чтобы переехать с семьей на материк.
Во время туристической прогулки на лодке Ноа Флорес, мальчик из бедной семьи, падает за борт в океан. Но акулы, вместо того чтобы растерзать Ноа, несут его в своих пастях и возвращают в лодку целым и невредимым. После этого чуда к Ноа начинают приходить больные, готовые платить любые деньги за исцеление. Финансовое положение семьи Флорес заметно улучшается, а брат и сестра Ноа поступают в элитную школу и страдают в его тени. Ревность заставляет их развивать собственные таланты и добиваться значительных успехов — не с помощью магии островов, а упорным трудом. Сам же чудо-мальчик чахнет под гнетом собственного дара и нежеланной роли кормильца семьи.
Повзрослев, дети уезжают на материк. Чудо-мальчик перестает быть чудом и устраивается на работу в скорой помощи, где исцеляет обитателей трущоб, сестра учится на инженера и страдает от неразделенной любви к подруге, а брат — уже не звезда баскетбола и работает грузчиком. Но острова навсегда остаются с ними, и однажды Ноа, его брату и сестре придется вернуться.Как и его герои, Каваи Стронг Уошберн родился и вырос на Гавайях, на побережье Хамакуа, а затем уехал на материк. В своем романе он изображает острова и их жителей с поразительной живостью и любовью. Даже по-островному неспешное повествование по ритму напоминает приливы и отливы и пересыпано гавайскими словечками. Платить нужно и за монетизацию рая. Уошберн — убежденный экоактивист. «Я хочу, чтобы люди смогли понять все величие природы, — говорит он в интервью порталу Lithub, — и обрели надежду на то, что мы все еще можем сделать мир лучше, а нашу связь с природой крепче. Думаю, это понимало большинство коренных народов». 
«Гавайское королевство давным-давно уничтожили, дышащие дождевые леса и поющие зеленые рифы пали под ударами хоулехоулеТак на Гавайях называют иноземцев (буквально — „белые“)., от кулаков их морских курортов и небоскребов», — говорит Уошберн устами Малиа, матери Ноа, которая видит в появлении избранного ребенка знак богов, — «тогда‑то земля и бросила клич».
«Акулы во дни спасателей» — сильный дебют, медитативное поэтическое повествование которого переносит к океану, на теплые пляжи Гавайев. То, чего так не хватает зимой во время закрытых границ и карантина.«Мы начинаем в конце» Криса Уитакера
«Шторм должен быть жесток». Эту цитату из стихотворения Эмили Дикинсон «Надежда — она перната» Дачесс Рэдли повторяет, когда говорит о матери. Для Дачесс вся ее жизнь — это шторм. Ей тринадцать, у матери проблемы с наркотиками, отца нет, есть дед по линии матери, но контакт с ним утерян. Дачесс заботится о пятилетнем брате, иногда за ними обоими присматривает Уок, местный полицейский и друг матери, но в основном детям приходится справляться самим, и весь город в курсе их бедственного положения. 
Больница стала Дачесс вторым домом: мать регулярно привозят туда с передозировкой, и, пока ее откачивают, дети ночуют в семейной комнате. Брат не просит игрушек — знает, что не получит. Он вообще ничего не требует и ведет себя тихо. Дачесс же ведет себя тихо только в школе: если ее оставят после уроков, некому будет забрать брата из сада. Вне школы Дачесс — гроза сверстников, она, по собственным словам, «вне закона». Она не боится даже страшного громилы Дикки Дарка, владельца городской недвижимости и абьюзивного любовника матери.
Но все приходит в движение, когда в город после тридцатилетнего заключения возвращается бывший парень матери Дачесс, а вскоре мать обнаруживают убитой. И это лишь начало цепочки событий и раскрытых тайн.«Мы начинаем в конце» британского писателя Криса Уитакера сочетает в себе множество жанров: по словам критика «Нью-Йорк Таймс», это «отчасти триллер, отчасти роман воспитания, отчасти душещипательный диккенсовский роман и, как ни странно, отчасти вестерн». Я сравнила бы «Мы начинаем в конце» с романами Таны Френч. Конечно, рядом с персонажами Френч герои Уитакера кажутся немного шаблонными: к примеру, Дачесс иногда изъясняется слишком высокопарно, и не очень понятно, на чем основан страх, который она внушает даже отпетым хулиганам. Но в целом мы видим те же драму и внутренний надлом, что и у Френч, переплетение человеческих судеб и неочевидные последствия этого переплетения, а не обычный полицейский процедурал.
Крис Уитакер знает о внутреннем надломе многое. В 2020 году он рассказал о том, как творчество спасло его жизнь: не сумев поступить в колледж, он работал где придется, не имея определенной цели. Однажды его ограбили и несколько раз ударили ножом, после чего Уитакер стал страдать от ПТСР — перестал есть и пить, стал употреблять алкоголь и запрещенные вещества. Затем порочный круг повторился: Уитакер стал биржевым брокером, сперва дела шли отлично, но после он потерял миллион фунтов стерлингов, вернулся к алкоголю, наркотикам и… литературе, которая опять его спасла. С тех пор он пишет постоянно. 
Дебютный роман Уитакера «Tall Oaks», вышедший в 2016 году, получил премию Британской ассоциации писателей детективного жанра (CWA). Третий же роман «Мы начинаем в конце» (2021, Henry Holt and Co) стал бестселлером «Нью-Йорк Таймс», был переведен на двадцать пять языков, получил несколько жанровых премий, а права на его экранизацию купил «Дисней». Своим примером Уитакер доказал: шторм бывает жестоким, но его можно пережить."
7,https://daily.afisha.ru/brain/21837-rutu-modan-yumor-eto-prosto-odin-iz-sposobov-smotret-na-sereznye-temy/,"
    
    29 ноября 2021  17:15",Руту Модан: «Юмор — это просто один из способов смотреть на серьезные темы»,"На руссском впервые вышел комикс израильской комиксистки Руту Модан — «Имущество». Мы поговорили с Руту о ее работе, о любви к русской литературе, о сибирской тайге, о юморе как способе смотреть на мир — и о комиксах, разумеется.Книги израильской художницы и комиксистки Руту Модан переведены на множество языков и отмечены международными премиями. В 2021 году в издательстве «Бумкнига» вышел на русском языке ее второй роман «Имущество» — о том, как пожилая еврейка Регина Сегал после смерти сына вместе с внучкой Микой из Тель-Авива летит в Варшаву, надеясь вернуть недвижимость, которая до Второй мировой войны принадлежала ее родителям. «Имущество» было впервые опубликовано в 2013 году, отмечено премией имени Уилла Айснера, номинировалось на премию Игнаца и премию Международного фестиваля комиксов в Ангулеме, а также вошло в топ-10 книг года The Guardian, Publishers Weekly, Salon и The Washington Post.
В ноябре 2021 года Руту впервые приехала в Россию на XV Красноярскую ярмарку книжной культуры, чтобы представить «Имущество» российским читателям.

— Если бы вас попросили рассказать о себе русскому читателю, который вас не знает, только три вещи, что бы вы назвали? 
— Я израильтянка. Я женщина, у которой есть семья и дети. Я художница. Пожалуй, вот эти три — необязательно в таком порядке. В разных ситуациях на первый план выходят разные ипостаси — но без любой из них я была бы не собой, а кем‑то другим. 
— А ваша преподавательская работа — это четвертая? 
— Не совсем. Скорее так: мне сложно разделить в себе «художницу» и «преподавательницу». Я преподаю много лет и начала очень рано, буквально через год или два после того, как сама окончила АкадемиюРуту Модан училась, а после стала преподавать в Академии искусства и дизайна «Бецалель» в Иерусалиме.
. Зарабатывать рисованием я начала еще раньше — уже на третьем курсе мои комиксы печатали в израильской газете. Но мне хотелось стабильности. 
— Более стабильного дохода? 
— Не только, хотя и это важно. Иллюстрация и комиксы — очень уединенная работа, а мне хотелось знать, что в определенные дни недели я всегда нарядно одеваюсь, выхожу из дома и разговариваю об искусстве с коллегами и студентами. И сейчас, спустя годы, я уже не могу разделить преподавание и работу в студии. На все вопросы студентов мне сперва нужно ответить самой себе: что значит «быть оригинальной», «иметь свой стиль», что вообще такое стиль в иллюстрации, а что такое цвет. Я делюсь со студентами своим опытом, знаниями, открытиями — но и они со мной делятся. Когда я начинала преподавать, я была почти ровесницей своих студентов. Сейчас я — ровесница их родителей. И я многому у них учусь.
— Чем старше становишься, тем большему могут научить студенты? 
— У другого человека всегда можно чему-то научиться. А мои студенты живут в уже изменившемся мире, они рассказывают о неизвестных мне художниках, технологиях, событиях. Поэтому со студентами у нас происходит обмен знаниями и опытом. Преподавать — очень интересная работа. Про книги, тайгу и самого завидного жениха в русской классике
— Вы впервые в России — какие ваши первые впечатления? Тем более что вы начали с Сибири, отдаленного региона, о котором много и легенд, и стереотипов. 
— Меня взволновала предстоящая поездка в Россию, потому что из всех, условно, национальных литератур русская — моя любимая. И я говорю это не только для интервью. Я много читала — и не только самых больших, очевидных авторов, Толстого, Тургенева, Достоевского, Чехова, за которого я бы вышла замуж завтра же, если бы он позвал. Он был исключительно талантливый, очень хороший человек, еще и врач. 
— О да, я читала его биографии, дневники и письма, это был потрясающий человек и очень красивый мужчина, не влюбиться в него, по-моему, невозможно. 
— Видите, как хорошо, что он уже умер, а то мы бы с вами не смогли подружиться. Я читала Горького, Платонова, Бабеля, Булгакова, некоторых современных писателей. 
— Но как вам удалось так полюбить нашу литературу — вы ведь не читаете по-русски? 
— Русская литература в Израиле очень популярна. — У вас много амбассадоров русской литературы! 
— Да. И многое переведено на иврит — в том числе и Корней Чуковский, и Маршак, то есть и детские книги тоже. Русская литература сильно повлияла на израильскую. Ведь литературно одаренные выходцы из России не только переводили, они начали сами писать на иврите. И в каком‑то смысле переизобрели иврит — как язык искусства, прозы и поэзии. И потом, еврейская и российская история глубоко взаимосвязаны, это тоже отражается в искусстве. Недавно я прочитала книгу Василия Гроссмана, она во многом о политике, но это и литература. Еще на меня огромное впечатление произвел Платонов. 
— Платонов сделал с русским языком нечто удивительное, изобрел собственный очень узнаваемый способ писать. Многие авторы пытались ему подражать, но никто не был достаточно талантлив. Чувствуется ли это в переводе? 
— У него отличная переводчица на иврит, но сама она говорила, что это сложная задача и читать Платонова в переводе — совсем не то же самое, что в оригинале, потому что его русский язык исключительный. Я обожаю говорить о литературе, мы еще Горького не обсудили, а он тоже очень сильный, но вы спросили о моих впечатлениях от России. Так вот, для меня поехать в Россию означало поехать туда, где разворачивается действие прочитанных книг. Место, которое ты знаешь очень хорошо, но одновременно совсем не знаешь. Это было очень интересно. И я ничего не гуглила перед поездкой, не стала искать даже фото Красноярска. Мне хотелось приехать, ничего не зная заранее. 
— И как, совпали ваши ожидания с реальностью? 
— У меня не было ожиданий, но было любопытство — а как же это все на самом деле. И что я могу сказать — здесь очень вкусная еда. Заведения прекрасные, но даже суп в аэропорту мне напомнил тот, который варила моя бабушка. И еще я влюбилась в природу. Великолепные пейзажи, есть что‑то библейское в этих гигантских пространствах. Город большой, здания высокие, но в сравнении с окружающей природой все кажется крошечным. И это совсем не похоже ни на Израиль, ни на Европу, где всегда и везде много людей и следов их присутствия. В Сибири постоянно ощущаешь, что и город, и ты сам — очень маленькие. Не так уж много мест, где это можно так остро почувствовать, — может, где‑то в Центральной Америке, не знаю, на Аляске — что мы точки в огромной Вселенной. Про сходство комикс-культур в России и Израиле
— Вы знали каких‑нибудь российских комиксистов до приезда в Россию? 
— Нет, не знала. Здесь я встретила Ольгу Лаврентьеву, Александра Уткина, полистала их книги и пообщалась. Интересно, что российский комикс, как мне показалось, находится примерно на том же этапе, что и израильский. Комиксы занимают совсем небольшое место в искусстве. 
— Странно, ведь Россия и Израиль — совершенно разные страны. 
— Мне кажется, дело в том, что у наших стран нет устоявшейся комикс-традиции. Во Франции и Бельгии, в Америке, в Японии у комиксов большая история, а для нас это относительно новый вид искусства.Поэтому странно называть наши комиксы «альтернативными», «независимыми», «андеграундными». У нас нет того, чему мы альтернативны и от чего не зависим. Рынок все еще очень маленький. 
— Как вы считаете, не иметь сложившейся традиции — это плохо? 
— Есть и плюсы. Например, на ярмарке была дискуссия о женщинах в комиксах — но в Израиле комиксы никогда не были исключительно мужской территорией. Женщины пришли в комиксы одновременно с мужчинами. У нас нет и не было индустрии и барьеров, все началось с людей, которые просто хотели делать комиксы, — и до сих пор только на них и держится. Это во-первых. А во-вторых, когда у тебя нет традиции, ты словно бы никому ничем не обязан. Например, если ты снимаешь кино в России, то не можешь игнорировать российский и советский кинематограф — в том числе и если пытаешься себя ему противопоставить. Сложно абстрагироваться от традиции, она так или иначе становится твоей точкой отсчета. Но если традиции нет, ты сам выбираешь, что на тебя повлияет. Вернее так: ты что‑то видишь и влюбляешься, будь то европейский, американский, японский комикс, мейнстримный или независимый. На тебя влияет все то, что ты видишь и любишь, откуда бы оно к тебе ни пришло. И никто тебя в этом не упрекнет — ведь что тебе еще оставалось.— А как вы сами полюбили комиксы и что на вас повлияло? 
— В детстве мне попадались какие‑то комиксы — про морячка Попая и так далее. Но их было так мало, что я даже не понимала, что это какой‑то отдельный вид искусства. 
Я сама рисовала комиксы с детства, для меня это самый естественный способ придумывать и рассказывать историю. Но по-настоящему все началось на третий год учебы в Академии. У нас был курс по комиксам, его вел преподаватель, который приехал в Израиль из Бельгии. В 1990 году он пришел в аудиторию и принес нам книги из личной библиотеки, не знаю, сколько их там было, но там было все — «Хранители», «Маус», журнал «Роу», Мебиус, американские, французские и японские классики, разные истории, разные стили. Он принес их и сказал «почитайте». Через час я влюбилась в этот вид искусства и поняла, чем хочу заниматься всю жизнь. И первым делом начала подражать — в моем портфолио тех лет видно, кого я тогда любила. Я рисовала в одном стиле, потом оставляла его и пробовала другой, потом третий, а свой собственный нашла только спустя годы. Поэтому мне сложно сказать, что конкретно на меня повлияло. Единственное, я всегда была равнодушна к мейнстримным комиксам — я их уважаю, но они никогда меня по-настоящему не интересовали, поэтому вряд ли они на меня повлияли. 
Про холокост и юмор в комиксе
— «Имущество» — это книга о том, как большие исторические процессы преломляются в личной истории, истории одной семьи. Вы оставили холокост на заднем плане, он никогда не выходит в центр повествования. Почему вы решили написать книгу именно так? 
— Я бы не сказала, что это вопрос выбора. Я не столько выбираю, сколько жду, когда ко мне придет хорошая идея, из которой может получиться история, интересная читателю, но прежде всего — мне самой. Такая, над которой я смогу работать два года, четыре или шесть. Сначала исследовать тему, потом писать, потом рисовать — я подолгу работаю над книгой, поэтому важно, чтобы тема меня захватила. И я решила делать книгу о том, как бабушка и внучка едут в Польшу искать имущество, не потому, что сидела и думала: «а не написать ли мне что‑нибудь про холокост?». Я отчаянно искала идею. И когда мне в голову пришла эта, я подумала, что из нее может получиться хорошая история. 
— Как вы поняли, что история будет хорошей? 
— Глядите, там есть семейные отношения, а это часто забавно и всегда сочно. Есть имущество — а деньги тоже любопытная тема. Есть путешествие, а значит, и приключения. Так что я взялась писать эту книгу, потому что идея показалась мне многообещающей. Но, поскольку я писала большую книгу, роман, а не рассказ, темы цеплялись друг за друга, как застежки-липучки: семья, история, взаимоотношения евреев и поляков, холокост, память и то, как на нас влияют воспоминания о прошлом.
Вообще, оглядываясь на свои книги, и большие, и маленькие, я вижу, что во всех так или иначе поднимаю тему связи человека с местом и временем, в которых ему выпало родиться. Мику в «Имуществе» не слишком-то интересует история, Польша и даже холокост. Она выросла в Израиле, так что в школе узнала про холокост более чем достаточно, я вас уверяю. Она едет в Польшу просто потому, что хочет помочь своей бабушке найти имущество. И все-таки, когда она видит на улице актеров в нацистской форме, разыгрывающих историческую сцену — в Польше правда так делают, я сама это видела на польском телевидении, — когда Мика встречает вооруженного «нациста», она мгновенно понимает, что ей полагается делать. Поднимает руки и лезет в грузовик: а, нацисты вернулись, ну что ж, мы знаем, как нам вести себя в такой ситуации.То же самое в «Сквозных ранениях»«Exit Wounds», первый роман Руту Модан, который впервые вышел в 2007 году в Канаде, а в 2008-м получил премию Уилла Айснера и был отмечен на комикс-фестивале в Ангулеме. В России не публиковался.
, моей первой книге. Она об атаке террористов в израильском ресторане. Герои книги — люди, которые не были на месте происшествия, но оно все равно их затронуло, не напрямую, а иначе. Не буду рассказывать как — вдруг ее переведут на русский, а у меня тут спойлеры. И уже совсем скоро, надеюсь, выйдет следующая моя книга — об археологии, о нелегальных раскопках. В ней я пытаюсь показать, как на нас сегодняшних влияет далекое прошлое — или то, что мы о нем знаем и думаем. Может быть, в Израиле мы ощущаем это острее, потому что наша повседневность пропитана древней историей, мы чувствуем и видим ее так же отчетливо, как вы — огромную тайгу, которая окружает сибирские города. 
— В России тоже есть авторы, которые занимаются исследованием сложных тем через личные истории — война, репрессии, голод, блокада Ленинграда, — и это часто вызывает неоднозначную реакцию читателей. Много боли, гнева, споров. Как было с «Имуществом»? Например, упрекал ли вас кто‑то за то, что в книге много юмора?
— Юмор там довольно черный. Но меня ни разу не упрекали и даже не задавали вопросов на эту тему. Юмор — это просто один из способов смотреть на серьезные темы, да и вообще на жизнь. Если вы способны видеть смешное, вам не так‑то просто перестать его замечать. И весь мой жизненный опыт говорит, что даже в самой печальной ситуации есть что‑то забавное — и наоборот. Скажем, вы стоите на берегу с любимым, великолепный закат, вы целуетесь, все как в кино — но это жизнь, а не кино, поэтому всегда есть что‑то еще. Комар жужжит или песок раздражает, холодно, жарко, или вдруг приходит дурацкая мысль, что забыла что‑то купить. Наша жизнь такая — и не можем же мы перестать быть людьми. 
— Тем более что у нас не так много времени, чтобы побыть людьми. 
— И это, кстати, главная проблема. У нас очень мало времени, до нелепого мало. Мне кажется, надо бы лет триста. Десять тысяч лет — это, пожалуй, перебор, а триста было бы в самый раз. Восемьдесят — это всего ничего. Только научишься чему-то как следует, и уже все. Про читателей, любовь и критику
— Вы представляете своих читателей, когда работаете над книгой? 
— По-моему, это невозможно. Откуда мне знать, кто будет читать мою книгу. Еще это и страшно, и опасно — ведь если представлять читателя, когда делаешь книгу, то есть риск, что ты будешь стараться ему понравиться. А это плохо, тем более для художника, у которого есть какая-никакая известность и аудитория. 
— Это может помешать быть художником? 
— Это мешает пробовать новое, рисковать. Но в то же время делать книгу только для самой себя тоже невозможно. Это слишком трудоемкое занятие, и всегда есть соблазн сказать: «Да кому это нужно! Пойду-ка я лучше на пляж». Я нашла выход — пишу книгу для хорошего друга, который любит мое творчество и относится к нему очень критически. Но любит достаточно сильно, чтобы я могла воспринимать его критику. Так что я совершенно спокойно все ему рассказываю — даже самые дурацкие идеи. Он пишет романы, но был и комиксистом. Поэтому когда я работаю над книгой, то всегда думаю, что он ее прочтет. Другие люди, может, тоже, я буду счастлива, если все люди в мире прочтут мою книгу и полюбят ее, — но прежде всего мне важно, чтобы книга понравилась ему. Мы договорились, что будем друг у друга первыми читателями. Я могу позвонить ему в любое время, в два часа ночи, и сказать: «Так, у меня тут проблема». Не надо даже говорить «Привет!», у нас диалог не прерывается. «У меня проблема, тут одна сцена…» — и он сразу включается: «Так, что там». Повезло, что у меня есть этот непрерывный диалог. Когда мой друг о чем‑то говорит «хорошо», значит, это и правда хорошо. А когда говорит «плохо», то может быть — не исключено — это и правда плохо. 
— К разговору об ответственности перед читателем — сложно ли делать новую книгу после того, как предыдущие получили признание профессионального сообщества? У вас есть несколько премий, в том числе главная комикс-награда, премия имени Уилла Айснера, — это добавляет какой‑то дополнительный груз ответственности? 
— Нет. Награды — это весело, но не так уж важно. Классно, когда к тебе приходят и говорят «Эй, а ты лучшая!» Но это ведь не значит, что я правда лучшая, — у меня такой иллюзии нет. Награды приятно получать, но странно относиться к ним слишком серьезно. Видите ли, я и сама сидела во многих комитетах и жюри, я знаю, как работают эти комитеты. Хорошо, если награда вас радует и вдохновляет работать дальше, но воспринимать ее всерьез — это лишнее. Может, конечно, еще дело в том, что я не получала денежных наград, всегда только честь и славу. Где все денежные награды? Кажется, в каких‑то других сферах, потому что в комиксах их нет. Про то, как перестать беспокоиться и полюбить комиксы
— В своих интервью 2013 года вы рассказывали, что в Израиле комиксы непопулярны. В России то же самое — здесь к комиксам до сих пор многие относятся с предубеждением. Даже министр культуры однажды высказался в том духе, что это книги для маленьких детей и дураков, которые не в состоянии осилить серьезную литературу. Это раздражает тех из нас, кто точно знает: комиксы — это и серьезная литература тоже. В последние десять лет благодаря усилиям издателей, организаторов фестивалей, художников, обозревателей и читателей-энтузиастов ситуация медленно, но верно меняется. О комиксах стали писать хорошие СМИ, комикс постепенно выходит из тени. Изменяется ли отношение к комиксам в Израиле?
— Да, за последние двадцать лет ситуация сильно поменялась. Все меньше людей говорят о том, что комиксы — это глупые книжки для детей. И мне наконец-то перестали задавать вопрос «А почему у нас нет израильских комиксов?», который я много лет слышала в каждом интервью. Издатели берут в работу израильские и кое-какие переводные комиксы. Но у нас до сих пор нет своего Димы ЯковлеваДмитрий Яковлев — руководитель и главный редактор российского комикс-издательства «Бумкнига», один из организаторов фестиваля комиксов «Бумфест».
. Я очень жду, когда у нас наконец-то появится свой Дима — если это вообще случится. Вот в России пока тоже не очень много читателей комиксов — но у вас есть надежда, есть перспективы. Книжный бизнес не такой уж и прибыльный, а в Израиле к тому же очень маленький рынок, и наши издатели не хотят брать на себя высокие риски. Комиксы — это сложные в производстве и дорогие книги. У нас нет ни одного издательства, которое специализируется на таких высококлассных комиксах, какие у вас издает «Бумкнига». Кое‑что выходит, но дело движется медленно. Многие наши художники начинают публиковаться не на родине, а за рубежом, и моя первая книга тоже вышла не в Израиле. Но, может быть, со временем это изменится — я надеюсь. 
— А если бы вас попросили порекомендовать одну, три или пять книг человеку, который никогда не читал комиксов, чтобы показать, что это за искусство, какие бы вы посоветовали? 
— Я бы посоветовала прочесть «Мауса». Это большая, чудесная и очень важная для искусства комикса книга. Можно прочитать «Хранителей»: они дают представление о том, что такое мейнстримный комикс, не будучи мейнстримным комиксом, — эта книга глубже, и она очень хорошая. Дэниел Клоуз — один из моих любимых комиксистов. Так, я назвала только мужчин, надо вспомнить женщин — Туве Янссон, конечно. Американка Линда Барри, очень смешная, человечная, чудесная, вам она точно понравится. И много-много других. Вообще, я бы сперва спросила этого человека, какие книги он любит и какие фильмы, и уже потом посоветовала что‑то, ориентируясь на его вкус. Думаю, так ему проще всего будет начать. "
8,https://daily.afisha.ru/brain/21792-lyubimye-knigi-kventina-tarantino/,"
    
    26 ноября 2021  12:51",4 любимых книги Квентина Тарантино,"На русском языке вышел литературный дебют Квентина Тарантино — новеллизация фильма «Однажды в Голливуде». Нашу рецензию на него можно прочитать здесь, а мы тем временем рассказываем, какие книги любит сам режиссер — известный киноман и заядлый читатель.«9/30/55» Джона МинехэнаНазвание фильма Джеймса Бриджеса и одноименной новеллизации не зря напоминает о романе Стивена Кинга «11/22/63»Сюжет романа закручен вокруг убийства Джона Кеннеди, произошедшего 22 ноября 1963 года.: 30 сентября 1955 года разбился насмерть Джеймс Дин. Сейчас понятно, что он был одной из первых звезд в современном понимании этого слова, и уж точно его смерть стала переломным моментом в истории кинематографа. Фильм Бриджеса показывал, как гибель Дина изменила жизни молодых американцев.
По словам Тарантино, Минехэн — «лучший автор новеллизаций. Он умеет выбирать фильмы, из которых выйдут хорошие книги». Этот роман был опубликован в 1977 году, Тарантино немедленно его прочитал и с тех пор перечитывает каждые несколько лет. Но широкий релиз самого фильма задержался аж до 1979-го. Придя на сеанс, будущий режиссер с негодованием обнаружил, что история на экране — лишь вторая половина книги. Джон Минехэн не просто перенес на бумагу сценарий Бриджеса, но и дополнил его предысторией главного героя, и вот эта-то половина понравилась Тарантино еще больше. Нетрудно увидеть, как вольность Минехэна в обращении с сюжетом фильма повлияло на новеллизацию «Однажды в Голливуде»: если вы ожидаете прямого переложения событий фильма, не дождетесь.
«Знамение» Дэвида ЗельцераСюжет известен: жена американского дипломата в Италии теряет ребенка при родах, и они усыновляют малыша, по совпадению родившегося в тот же день. Правда, есть один нюанс: маленький Дэмиен оказывается Антихристом. За этим последует множество смертей, три сиквела, ремейк, сериал и роман «Благие знамения», интерпретирующий события киносериала в комическом ключе.
По словам Тарантино, новеллизация была «так хорошо написана, что многие решили, будто это фильм „Омен“ — экранизация романа». Основания для такой путаницы и правда были: Дэвид Зельцер сам переделал собственный сценарий в книгу — и превзошел себя.
«Мемуары» Лени РифенштальРовесница XX века Лени Рифеншталь прожила удивительную жизнь: училась балету у русской балерины Евгении Эдуардовой, вдохновлялась Эйзенштейном, была знакома с Гитлером и стала главной режиссеркой Третьего рейха, после войны увлеклась фотографией, снимая нубийцев и мальдивские кораллы, была знакома с Миком Джаггером и прожила больше ста лет, оставшись в истории ярчайшим примером неоднозначного гения. 
Готовясь к написанию сценария «Бесславных ублюдков», Тарантино прочитал не одну книгу о немецком кинематографе и Лени Рифеншталь, но больше всего режиссера поразили ее семисотстраничные мемуары: «Завораживающе. Хотя половине рассказанного невозможно поверить, но все равно остается половина для размышлений. Ее описания обычных дружеских бесед с Гитлером удивительны и очень правдивы».
«When the Lights Go Down» Полин КейлПолин Кейл, работавшая в The New Yorker, была одним из самых влиятельных кинокритиков своего времени. Она писала именно о тех фильмах, которые сформировали Тарантино: без «Дикой банды» не было бы «Омерзительной восьмерки», «Бонни и Клайд» — важнейший источник вдохновения для «Настоящей любви» и «Прирожденных убийц». И писала так хлестко и метко, как никто.
Четырнадцатилетний Тарантино не мог позволить себе купить этот 600-страничный сборник рецензий, и ему приходилось читать его урывками в книжном магазине, куда он заглядывал перед походом в кино. За месяц юноша осилил весь том и сорок лет спустя говорит: «В конечном итоге Полин Кейл — моя любимая писательница. Не просто любимый кинокритик, а любимая писательница, которая много для меня значит»."
9,https://daily.afisha.ru/brain/21769-lyubov-v-shotlandii-i-chuma-v-anglii-dva-novyh-romana-kotorye-stoit-prochitat-zimoy/,"
    
    24 ноября 2021  15:56","Любовь в Шотландии и чума в Англии: два новых романа, которые стоит прочитать зимой","Писательница Вера Богданова советует два переводных романа, которые по-разному рассказывают об угасании и смерти, но главным образом о надежде.«Шагги Бейн» Дугласа СтюартаШотландия, 1980-е. Агнес Бейн живет в Глазго, в одном из многоквартирных домов. У нее двое детей-подростков от первого брака и младший сын Шагги от второго мужа, Большого Шага Бейна, который в свое время увел ее из семьи, а теперь гуляет направо и налево. Красавица Агнес увядает и стремительно спивается, Большой Шаг бьет ее, жестокость в отношениях заходит на новые круги. Кроме того, живет их семейство у родителей Агнес, тоже не самых чутких людей, с самого начала не одобрявших выбор дочери.
На очередном круге абьюза Большой Шаг предлагает Агнес переехать «в свой дом». Вот только дом тот находится в городишке Питхед при закрытой шахте. Городишко сер и мрачен, жители его спиваются, как Агнес, и не ждут от жизни ничего хорошего. «Прекрати тут выть, а то получишь кой-чо такое, чо тебе не понравится» — вот их девиз. Впрочем, Большой Шаг Бейн жить в Питхеде не собирается — выгрузив жену, сына, приемных детей и вещи из машины, он уезжает к любовнице, лишь время от времени навещая Агнес ради секса. А она продолжает находиться там, где ее оставили, зная, что, вернувшись к родителям, потеряет и эти редкие унизительные встречи.
Не лучшее место для Шагги, мальчика, играющего с куклами, немного манерного и мягкого. Разумеется, в Питхеде он привлекает к себе внимание. Над ним издеваются в школе, но, несмотря на это, он остается верен себе и по своей сути оказывается сильнее любых хулиганов.
Реальность «Шагги Бейна» безжалостна, и выхода из нее — из мрака, грязи, многократного предательства себя и других — нет. Агнес не только попадает в ад сама, но и приводит в него детей. Она пьет все больше, теряет связь с реальностью. Когда старшие дети уезжают, у нее остается лишь Шагги, который по утрам приносит ей воду и убирает рвоту с пола. Он становится для Агнес единственным утешением, родителем и свидетелем ее распада. 
«Шагги Бейн» — дебютный роман Дугласа Стюарта. Издательства не хотели его публиковать — заключению договора предшествовали тридцать два отказа. Но Анна Штайн, агент Стюарта (а также Ханьи Янагихары и Ёко Огавы), не сдавалась и пристроила роман в хорошие руки редактора Питера Блэкстока, который работал с лауреатом Пулитцеровской премии Вьет Тхань Нгуеном и лауреаткой Букеровской премии Бернардин Эваристо. Сперва не удалось продать и 5000 экземпляров, но, получив Букера и попав в финал Национальной книжной премии США, роман стал бестселлером. К весне 2021 года по всему миру продали уже больше 500 000 экземпляров.
Роман автобиографичен. Дуглас Стюарт жил в многоквартирном доме в Глазго, таком же, в каком родился его герой. Как и Шагги, он был младшим ребенком матери-алкоголички, и, когда ему было шестнадцать, зависимость сожрала ее окончательно. Осиротевший Стюарт поступил в Университет им. Хериота и Уатта, затем получил степень магистра в области дизайна одежды в Королевском колледже искусств в Лондоне, сразу после выпускного переехал в Нью-Йорк, работал в Calvin Klein, Ralph Lauren и демократичном Banana Republic. И писал «Шагги Бейна» — на протяжении десяти лет, в свободное время и где придется.
Лучшее в успехе «Шагги Бейна», сказал Стюарт в интервью The Guardian, это то, как он объединяет читателей. «Будь они из Детройта или Иннерлейтена, каждый может сказать: „Я прошел через подобное“. Мы не говорим о травме, и это молчание не позволяет стольким людям получить помощь и остаться в здравом уме». Vulture сравнивает «Шагги Бейна» с романами Диккенса. «Он кажется более подходящим веку предыдущему, чем нашему собственному, — никаких метафизических искажений, никаких заигрываний с жанром, не отполирован до магистерского блеска». «Шагги Бейн» говорит о сломленных людях, о прижизненном сиротстве и далеко не оптимистичен. Но, несомненно, перед нами одна из главных переводных книг года.«Год чудес» Джералдин Брукс1665 год, Британия. Молодая вдова Анна Фрит живет в деревне и работает горничной в доме священника Майкла Момпельона и его жены Элинор. Однажды в деревню приезжает портной, мистер Викарс, и Анна сдает ему одну из комнат своего дома. Викарс прекрасный человек: щедрый, внимательный, любит детей. Он нравится Анне и даже мог бы стать ее мужем, если бы не зараженный тюк ткани, который ему привозят из Лондона. 
Сперва умирает Викарс — у него поднимается температура, образуются нарывы, вздуваются и лопаются блестящие малиново-желтые наросты на теле и лице. После в мучениях погибают оба ребенка Анны. Затем настает черед ее соседей, друзей и врагов — чума не щадит никого. Священник говорит, что болезнь — это испытание, посланное Богом, и призывает жителей не уезжать из деревни, чтобы не распространять заразу по окрестным городам. Анну Фрит чума не берет. Вместе с женой священника она ухаживает за умирающими и становится свидетельницей гибели целой деревни. Причем борется она не только с чумой, но и с безумием, распространяющимся среди жителей, которые молятся, сходят с ума и начинают охоту на ведьм. После расправы над двумя женщинами убийцы приходят в себя, но их даже некому арестовать и негде судить — ни один судья или присяжный не поедет в чумную деревню. Поэтому преступники мрачно ходят по улицам, а после тоже погибают. Больные пробуют носить сушеных жаб в мешочке на шее, пьют отвары из пижмы и настойки из полыни, прикладывают к нарывам запеченные луковицы, прижигают себя каленым железом в кузнице, и непонятно, что в итоге убивает быстрее — чума или вот такое лечение. Катастрофа следует за катастрофой, и в последней трети романа деревня тонет в хаосе с поножовщиной и парадом ведьм и дьяволопоклонников.
Атмосфера ужаса нарастает незаметно. В начале романа из Лондона приносятся первые вести о чуме, но еще ничто не предвещает беды. Анна любуется крыльями стрекоз, работает в саду, играет с детьми. Она подмечает все окружающие ее мелочи, и кажется, будто ей все равно, что происходит где‑то там, в столице. А затем из этого уюта с привкусом крапивного пива вдруг прорастает ужас, и с той же скрупулезностью Брукс описывает страшную смерть младенца и то, как дергается на веревке тело повешенной.Около 260 жителей — четыре пятых населения — стали жертвами этой последней вспышки чумы в Британии. Информации о произошедшем осталось мало, большинство свидетельств погибло вместе с населением, но, судя по всему, зараза прибыла в деревню в тюке ткани из Лондона. 
Джеральдин Брукс — американская писательница австралийского происхождения, лауреатка Пулитцеровской премии 2006 года. Ее дебютный роман «Год чудес» вышел в 2001 году и стал международным бестселлером. В 1990-х Брукс работала журналисткой для The Wall Street Journal, освещала события, происходившие в «горячих точках»: Боснии, Газе, Сомали. Может быть, именно этим обусловлена отстраненность, с которой она описывает смерть, — с ней Брукс близко знакома. Но, тем не менее, очевидна и надежда, пробивающаяся сквозь чумной кошмар: благодаря усилиям двух женщин год ужасов превращается в год чудес. Даже после чумы есть жизнь, и она продолжается, несмотря ни на что, в чем мы можем убедиться и в 2021 году."
10,https://daily.afisha.ru/brain/21705-zachem-snyatsya-sny-stoit-li-chitat-dvorec-snovideniy-ismailya-kadare/,"
    
    18 ноября 2021  13:37",Зачем снятся сны: стоит ли читать «Дворец сновидений» Исмаиля Кадаре,"Спустя сорок лет после написания на русском языке вышел «Дворец сновидений» — роман Исмаиля Кадаре, живого албанского классика и первого лауреата международного «Букера». В нем необычное ведомство в альтернативной Османской империи связывает государственное управление с коллективным бессознательным. Рассказываем, почему стоит прочитать этот роман.Марк-Алем, юноша из влиятельного албанского рода Кюприлиу, устраивается на работу в дворец сновидений, Табир-Сарай. Это учреждение специализируется на сборе и анализе снов всех подданных Османской империи: в любом может оказаться важнейшая для государства и султана информация. По мере того как Марк-Алем осваивается в разных отделах Табир-Сарая, мы узнаем об интригах османских элит, в которых напрямую замешан его дядя. Восторженный парень быстро сталкивается с темными сторонами службы во дворце: тех, кому не повезло увидеть опасный для государства сон, пытают в застенках Табир-Сарая. Погружаясь в чужие сны, юноша все хуже понимает, действительно ли они влияют на политику, или Табир-Сарай лишь хитроумный инструмент в руках различных фракций.
Марк-Алем впечатлителен, и паранойя вкупе с постоянным ощущением неизвестности, царящие в дворце сновидений, рождают в его богатой фантазии множество зловещих образов. Юноша благоговеет перед грандиозным сооружением, извилистым лабиринтом, в котором хранятся все знания о мире. Табир-Сарай схож с кафкианскими пространствами, он непостижим, подобно «Замку», и бесконечен, словно суды из «Процесса».
Город, где расположен Табир-Сарай, еще призрачнее и нереальнее. В представлении Марк-Алема он безлик, пуст и безвкусен, и столь же неприметны его горожане. Писатель в приглушенных тонах описывает мир действия романа. Из общей монохромной гаммы выделяется лишь бледно-голубой цвет крыши дворца и формы его сотрудников.
Букеровский лауреат Исмаиль Кадаре широко известен в Албании еще со времен правления Энвера Ходжи, сурового диктатора, чья политика привела страну к изоляции. Взаимоотношения ходжаистского режима с Кадаре были противоречивы: власти могли отправить его в ссылку, а потом провозгласить народным писателем. Кадаре стал очень популярен в Албании в первую очередь благодаря своему неизменному интересу к трагической истории страны, испытавшей многовековую тиранию иноземных захватчиков, но не утратившей национальной гордости и самосознания. 
Двигаясь по карьерной лестнице, Марк-Алем начинает все больше интересоваться собственными албанскими корнями — он не отрекается полностью от своей имперской идентичности, но начинает воспринимать себя частью малого народа.  Неслучайно в одном из снов, попавших к Марк-Алему, говорится о мертвых странах, имеющих возможность вернуться на землю в новом обличье. «Современные государства <…> были <…> не чем иным, как древними греховными остовами, давным-давно погребенными и возродившимися вновь в виде призраков.» Исмаиль Кадаре изображает режим Ходжи родственным Османской империи, которая отличалась жестокостью и стремлением контролировать все без исключения сферы жизни подданных.
Примерно в те же годы, что и «Дворец сновидений», вышел роман «Хазарский словарь» сербского писателя Милорада Павича, родственный произведению Кадаре. Обе книги посвящены взаимопроникновению сна и реальности, а также непростым судьбам восточноевропейских малых народов. Павича интересовала метафизика отношений между нациями и религиями, а Кадаре исследовал проникновение могущественных родов в институты власти и способность секретных учреждений определять политику государства.
Османскую империю, какой ее описывает Кадаре в «Дворце сновидений», нельзя однозначно отнести к определенной эпохе. Герои книги говорят о событиях XIX века в прошедшем времени, но признаки XX столетия в тексте отсутствуют — по улицам ездят кареты и не упоминаются технические устройства. Государство, в котором расположен дворец сновидений, пребывает вне исторического контекста, будучи в значительной степени абстрактной моделью тоталитарного режима. Кадаре воспринимает любую диктатуру как временное явление, в его книгах бессмертна лишь сокровенная Албания, страна, стоящая на границе сна и яви, чей дух неподвластен даже самым грозным силам."
